{
  "ee_pos": [
    0.3659474849700928,
    0.09798844158649445,
    0.12444876879453659
  ],
  "ee_quat": [
    -0.00010390584066044539,
    0.28595075011253357,
    0.9582443237304688,
    -4.6167027903720737e-05
  ],
  "obj_pos": [
    0.36500123143196106,
    0.09815701097249985,
    0.020173359662294388
  ],
  "obj_quat": [
    0.26902592182159424,
    -0.0015142842894420028,
    -0.003235714975744486,
    0.9631263017654419
  ],
  "rel_pos": [
    0.0008658753133405097,
    -0.0003621422615156385,
    0.10427561122863137
  ],
  "rel_quat": [
    -0.0036060342606540905,
    -0.9998381635953972,
    0.017614392123381006,
    -0.0006134535178251338
  ]
}